{
  "unicast": "127.0.0.1",
  "logging": {
    "level": "debug"
  },
  "applications": [
    {
      "name": "demo_server",
      "id": "0x1111"
    }
  ],
  "routing": "demo_server",
  "services": [
    {
      "service": "0x0420",
      "instance": "0x0001",
      "major": 1,
      "minor": 0,
      "reliable": "TCP",
      "unreliable": "UDP",
      "methods": [
        {
          "id": "0x0001"
        }
      ],
      "events": [
        {
          "id": "0x8001",
          "eventgroup": "0x0001"
        }
      ]
    }
  ],
  "service-discovery": {
    "enable": true,
    "multicast": "224.244.224.245",
    "port": "30490",
    "protocol": "udp",
    "initial_delay_min": 10,
    "initial_delay_max": 100,
    "repetitions_base_delay": 200,
    "repetitions_max": 3,
    "ttl": 3
  }
}