{
  "service": {
    "id": "0x0420",
    "instance": "0x0001",
    "major": 1,
    "minor": 0,
    "reliable": "TCP",
    "unreliable": "UDP",
    "methods": [
      {
        "name": "Echo",
        "id": "0x0001",
        "request": [
          {
            "name": "seq",
            "type": "u8"
          }
        ],
        "response": [
          {
            "name": "seq",
            "type": "u8"
          }
        ]
      }
    ],
    "events": [
      {
        "name": "Counter",
        "id": "0x8001",
        "eventgroup": "0x0001",
        "payload": [
          {
            "name": "count",
            "type": "u32"
          }
        ]
      }
    ]
  }
}